version,codigo_ente,nombre,fuente_alta,inf_fuente_alta,fuente_baja,inf_fuente_baja,alta_desde,baja_desde
2019/01 situacion a  01/01/2019,13-30-003-H-H-000,Fundación para la Formación e Investigación Sanitaria,ESCRITURA,"de constitución nº 2.834, de 17/12/2004",,,11/02/2005,
2019/01 situacion a  01/01/2019,13-30-006-H-H-000,Fundación Teatro Romano de Cartagena,ESCRITURA,"de constitución nº 1.190, de 21/03/2003",,,23/05/2003,
2019/01 situacion a  01/01/2019,13-30-011-H-H-000,Fundación Cante de las Minas,ESCRITURA,nº 489/10 de 18 de febrero de 2010,,,01/07/2010,
2019/01 situacion a  01/01/2019,13-30-001-C-C-000,C. Servicio Extinción de Incendios y Salvamento C.A. Región de Murcia,ACTA,de constitución de 30/06/1992,,,30/06/1992,
2019/01 situacion a  01/01/2019,13-30-002-C-C-000,Consorcio Gestión de Residuos Sólidos Región de Murcia (COGERMU),ACTA,"de sesión constituyente, de 30/11/1994",,,30/11/1994,
2019/01 situacion a  01/01/2019,13-30-005-C-C-000,Consorcio Depósito Franco de Cartagena,ESCRITURA,"Nº 1.709, de 11/06/1993",,,11/06/1993,
2019/01 situacion a  01/01/2019,13-30-012-C-C-000,Consorcio Vía Verde del Noroeste,CONVENIO,colaboración de 04/03/2003 BORM nº 66 de 21/03/03,B.O.C.,de la Región de Murcia nº 18 de 23/01/2012,04/03/2003,22/01/2012
2019/01 situacion a  01/01/2019,13-30-012-C-C-000,Consorcio de las Vías Verdes de la Región de Murcia,B.O.C.,de la Región de Murcia nº 18 de 23/01/2012,,,23/01/2012,
2019/01 situacion a  01/01/2019,13-30-014-C-C-000,C. Constru. y Financ. piscina cubierta climatizada en Alguazas,CONVENIO,de Colaboración de 16/10/2002,,,16/10/2002,
2019/01 situacion a  01/01/2019,13-30-020-C-C-000,C. para el Centro Regional Asociado de la U.N.E.D. Cartagena,CONVENIO,de colaboración de 23/10/1989,,,23/10/1989,
2019/01 situacion a  01/01/2019,13-30-023-C-C-000,Consorcio Marina de Cope,CONVENIO,Colaboración de 03/12/04 BORM nº 297 de 24/12/04,,,03/12/2004,
2019/01 situacion a  01/01/2019,15-00-000-B-B-000,Comunidad Autónoma del País Vasco,LEY ORGANICA,"3/1979, 18-12",,,18/12/1979,
2019/01 situacion a  01/01/2019,15-00-000-B-P-001,"Gasteiz Irratia-Radio Vitoria, S.A. (Sociedad Unipersonal)",ESCRITURA,"de const. de 30/03/1984 (Dec. 77/1984, 20-03)",,,30/03/1984,
2019/01 situacion a  01/01/2019,15-00-000-B-P-002,"Euskal Telebista - Televisión Vasca, S.A. (Sociedad Unipersonal)",ESCRITURA,"de const. de 04/11/1982 (Dec. 157/1982, 19-7)",,,04/11/1982,
2019/01 situacion a  01/01/2019,15-00-000-B-P-003,"Eusko Irratia-Radiodifusión Vasca, S.A. (Sociedad Unipersonal)",ESCRITURA,"de const. de 04/11/1982 (Dec. 158/1982, 19-7)",,,04/11/1982,
2019/01 situacion a  01/01/2019,15-00-000-B-P-004,"Eusko Jaurlaritzaren lnformatika Elkartea, A.B. - Sociedad Informática del Gobierno Vasco, S.A. (EJIE)",ESCRITURA,"Esc. de const. de 20/04/1982 (Dec.60/1982, 01-02)",,,20/04/1982,
2019/01 situacion a  01/01/2019,15-00-000-B-P-005,"Orquesta de Euskadi, S.A.",ESCRITURA,"Esc. de const. de 20/04/1982 (Dec.62/1982, 15-02)",,,20/04/1982,
2019/01 situacion a  01/01/2019,15-00-000-B-P-006,S. Prom. y Reconversión Industrial (SPRI),ESCRITURA,"de const. de 21/09/1981 (Ley 5/1981, 10-6)",ESCRITURA,de cambio de denominación (RM 07/06/2011),21/09/1981,06/06/2011
2019/01 situacion a  01/01/2019,15-00-000-B-P-006,"Sociedad para la Transformación Competitiva - Eraldaketa Lehiakorrerako Sozietatea, S.A. (SPRI)",ESCRITURA,de cambio de denominación (RM 07/06/2011),,,07/06/2011,
2019/01 situacion a  01/01/2019,15-00-000-B-P-007,"Parque Tecnológico-Teknologi Elkartegia, S.A.",ESCRITURA,de const. de 30/09/1985,,,30/09/1985,
2019/01 situacion a  01/01/2019,15-00-000-B-P-008,"Gest. Capital-Riesgo del País Vasco, S.A.",ESCRITURA,"de const. de 04/10/1985 (Dec.294/1985, 17-09)",ESCRITURA,de cambio de denominación (RM 17/02/2015),04/10/1985,16/02/2015
2019/01 situacion a  01/01/2019,15-00-000-B-P-008,"Gestión de Capital Riesgo del País Vasco SGEIC, S.A.",ESCRITURA,de cambio de denominación (RM 17/02/2015),,,17/02/2015,
2019/01 situacion a  01/01/2019,15-00-000-B-P-010,"S. Promot. Instalac. Tratam. Centraliz. de Resid. Indust., S.A.-IHOBE",ESCRITURA,"de const. de 26/01/1983 (Dec. 218/1982, 08-11)",ACUERDO,"de 13/10/1992 (Decreto 300/1993, 02-11)",26/01/1983,24/11/1993
2019/01 situacion a  01/01/2019,15-00-000-B-P-010,"Sociedad Pública de Gestión Ambiental, Ihobe, S.A.",ACUERDO,"de 13/10/1992 (Decreto 300/1993, 02-11)",,,25/11/1993,
2019/01 situacion a  01/01/2019,15-00-000-B-P-011,"Landabaso, Hirigintzarako A.B.- Urbanizadora Landabaso, S.A.",ESCRITURA,"de const. de 02/03/1983 (Dec.241/1982, 20-12)",ESCRITURA,de cambio de denominación (anterior a 1990),02/03/1983,31/12/1989
2019/01 situacion a  01/01/2019,15-00-000-B-P-011,Industri Lurraren Sustapen Eta Gestiorako Elkartea AB,ESCRITURA,de cambio de denominación (anterior a 1990),ESCRITURA,de cambio de denominación (RM 20/06/1995),01/01/1990,19/06/1995
2019/01 situacion a  01/01/2019,15-00-000-B-P-011,"Sprilur, S.A.",ESCRITURA,de cambio de denominación (RM 20/06/1995),,,20/06/1995,
2019/01 situacion a  01/01/2019,15-00-000-B-P-013,"Sociedad Pública Eusko Trenbideak - Ferrocarriles Vascos, S.A.U.",ESCRITURA,"de const. de 25/06/1982 (Dec.105/1982, 24-05)",,,25/06/1982,
2019/01 situacion a  01/01/2019,15-00-000-B-P-014,"Inst. para la Ciencia y la Tecnología Pesquera, S.A. (Neiker, A.B.)",ESCRITURA,"de compra-venta 03/06/1988 (Dec. 132/1988, 24/05)",ESCRITURA,de 20/01/1999 (R.M.19/07/1999),03/06/1988,18/07/1999
2019/01 situacion a  01/01/2019,15-00-000-B-P-014,"Neiker-Instituto Vasco de Investigación y Desarrollo Agrario, S.A.",ESCRITURA,de 20/01/1999 (R.M.19/07/1999),,,19/07/1999,
2019/01 situacion a  01/01/2019,15-00-000-B-P-017,"Centro para el Ahorro y Desarrollo Energético y Minero, S.A.U.",ESCRITURA,"de const.nº 621 de 29/03/1983(Dec. 19/1988, 14-2)",,,23/03/1983,
2019/01 situacion a  01/01/2019,15-00-000-B-P-018,"Sociedad de Hidrocarburos de Euskadi, S.A. (SHESA)",ESCRITURA,"de const.nº8086 de 30/12/1983(Dec.279/1983, 19-12)",,,30/12/1983,
2019/01 situacion a  01/01/2019,15-00-000-B-P-023,"Vivienda y Suelo Euskadi, S.A. - Euskadiko Etxebizitza eta Lurra, E.A. (VISESA)",ESCRITURA,"de const. de 12/02/1990 (Dec.258/1989, 21-11)",,,26/03/1990,
